dataset,model,selection_type,k,pr_auc_cv,pr_auc_test,pr_auc_diff,pr_auc_diff_percent,k_percent,pr_auc_test_percent
kaggle_credit_card_fraud,logreg,shap,14,0.7628942718760343,0.6941923050339504,0.06870196684208396,0.09896676518003755,46.666666666666664,99.81440399726877
kaggle_credit_card_fraud,logreg,mrmr,15,0.6476395884448357,0.5944351949123455,0.05320439353249018,0.08950411077247136,50.0,85.47083317536095
kaggle_credit_card_fraud,logreg,mutual_info,19,0.7610208559418976,0.697604450337666,0.06341640560423156,0.09090596479643401,63.333333333333336,100.30501912995278
kaggle_credit_card_fraud,logreg,relieff,3,0.0198730933857176,0.0143703230697534,0.0055027703159642016,0.38292599889743684,10.0,2.0662361453077294
kaggle_credit_card_fraud,dt,mrmr,6,0.7924275383848504,0.6570240647864287,0.13540347359842164,0.20608601854246494,20.0,86.0790949588264
kaggle_credit_card_fraud,dt,mutual_info,10,0.872063307461689,0.7461483696158534,0.12591493784583563,0.1687532171525907,33.333333333333336,97.75559192404062
kaggle_credit_card_fraud,dt,relieff,1,0.0267068336933658,0.0088398988365205,0.017866934856845304,2.021169606945181,3.3333333333333335,1.1581470636431164
kaggle_credit_card_fraud,dt,shap,2,0.8357473562324801,0.6973049180322158,0.13844243820026425,0.19853931131153751,6.666666666666667,91.35643497938372
kaggle_credit_card_fraud,rf,shap,15,1.0,0.8031966890318174,0.1968033109681826,0.2450250525875693,50.0,100.36729070927302
kaggle_credit_card_fraud,rf,mrmr,30,1.0,0.8021793818918606,0.19782061810813945,0.2466039673590203,100.0,100.24016822128102
kaggle_credit_card_fraud,rf,mutual_info,30,1.0,0.8079735720315868,0.19202642796841318,0.23766424375190595,100.0,100.96420901243482
kaggle_credit_card_fraud,rf,relieff,30,1.0,0.7943052816440553,0.20569471835594466,0.2589617910259858,100.0,99.25622229690467
kaggle_credit_card_fraud,xgb,shap,2,0.6271750902805279,0.5430982824361424,0.08407680784438543,0.15480956313698374,6.666666666666667,66.0766570563706
kaggle_credit_card_fraud,xgb,mrmr,2,0.5609905223234931,0.4642664416946817,0.09672408062881144,0.20833743717453668,6.666666666666667,56.48549340468221
kaggle_credit_card_fraud,xgb,mutual_info,2,0.5737871537798289,0.4924616381026407,0.08132551567718821,0.16514081379114048,6.666666666666667,59.91589335978569
kaggle_credit_card_fraud,xgb,relieff,2,0.0950879374891807,0.0368099189651679,0.05827801852401279,1.5832150725232375,6.666666666666667,4.478519764091096
kaggle_credit_card_fraud,svc,shap,30,0.7694342805208962,0.7150480927695292,0.054386187751367054,0.0760594822940064,100.0,99.99999999999999
kaggle_credit_card_fraud,svc,mrmr,13,0.6678635641025741,0.6374322958112343,0.030431268291339797,0.0477403929661442,43.333333333333336,89.14537389259051
kaggle_credit_card_fraud,svc,mutual_info,30,0.7694342805208962,0.7150480927695292,0.054386187751367054,0.0760594822940064,100.0,99.99999999999999
kaggle_credit_card_fraud,svc,relieff,4,0.01951669497748,0.0147306010092003,0.004786093968279701,0.32490826173965665,13.333333333333334,2.060085350643428
kaggle_patient_survival,logreg,shap,11,0.437735022638927,0.4519699993891927,-0.014234976750265693,-0.03149540183973121,10.185185185185185,90.18895084997517
kaggle_patient_survival,logreg,mrmr,15,0.4359478291141152,0.4566512556940993,-0.020703426579984086,-0.04533750060210687,13.88888888888889,91.12307832606857
kaggle_patient_survival,logreg,mutual_info,26,0.4420970002941096,0.4644297827874155,-0.02233278249330589,-0.0480864563837163,24.074074074074073,92.67525479497662
kaggle_patient_survival,logreg,relieff,57,0.4076986284765584,0.4250477964897563,-0.017349168013197913,-0.04081698142297281,52.77777777777778,84.8167242921246
kaggle_patient_survival,dt,shap,2,0.4205303461919776,0.4250742383284829,-0.004543892136505301,-0.010689643659359888,1.8518518518518519,90.6855592231265
kaggle_patient_survival,dt,mrmr,3,0.4170778093950941,0.4250571259722172,-0.007979316577123086,-0.018772339268215525,2.7777777777777777,90.68190846413512
kaggle_patient_survival,dt,mutual_info,2,0.4205303461919776,0.4250742383284829,-0.004543892136505301,-0.010689643659359888,1.8518518518518519,90.6855592231265
kaggle_patient_survival,dt,relieff,5,0.0903845202976729,0.0902309149192697,0.00015360537840319877,0.0017023586488137763,4.62962962962963,19.249910347060492
kaggle_patient_survival,rf,relieff,3,0.0873767535885237,0.0870163014950673,0.0003604520934564065,0.004142351344096594,2.7777777777777777,15.906691985787123
kaggle_patient_survival,rf,shap,3,0.7375419317661156,0.3702152875515027,0.3673266442146129,0.9921973958558157,2.7777777777777777,67.67583138252765
kaggle_patient_survival,rf,mrmr,3,0.4349525929485778,0.4190733856074323,0.015879207341145507,0.037891233102596455,2.7777777777777777,76.60715463385098
kaggle_patient_survival,rf,mutual_info,3,0.7375419317661156,0.3702152875515027,0.3673266442146129,0.9921973958558157,2.7777777777777777,67.67583138252765
kaggle_patient_survival,xgb,shap,7,0.6134250604871385,0.5046802605316251,0.10874479995551345,0.21547266350572694,6.481481481481482,90.0677107043499
kaggle_patient_survival,xgb,mrmr,7,0.5105819735271971,0.4639820322825211,0.046599941244676035,0.10043479704468618,6.481481481481482,82.80450559254585
kaggle_patient_survival,xgb,mutual_info,7,0.5211883549198801,0.4401892428912028,0.08099911202867732,0.1840097488449918,6.481481481481482,78.5583278849228
kaggle_patient_survival,xgb,relieff,7,0.092631001514101,0.0930451377375378,-0.00041413622343679235,-0.004450917409623166,6.481481481481482,16.605290920954893
kaggle_patient_survival,svc,mrmr,15,0.4412575232428614,0.4630161253260012,-0.021758602083139844,-0.04699318423914504,13.88888888888889,91.8029879210054
kaggle_patient_survival,svc,shap,9,0.3945457911555144,0.4203792765355251,-0.02583348538001068,-0.06145280422220709,8.333333333333334,83.34930801569776
kaggle_patient_survival,svc,mutual_info,25,0.4440937984353076,0.4685083594354553,-0.024414561000147716,-0.05211126014820067,23.14814814814815,92.8919424390679
kaggle_patient_survival,svc,relieff,54,0.3637181503996666,0.3855312427894174,-0.02181309238975082,-0.05657931178787873,50.0,76.43992960298645
uci_android_permissions,logreg,shap,3,0.9215894875316036,0.9232304162460704,-0.0016409287144667495,-0.0017773772241375001,3.488372093023256,93.35523904849293
uci_android_permissions,logreg,mrmr,3,0.941167829812634,0.9421359758257692,-0.0009681460131352182,-0.0010276075194842777,3.488372093023256,95.26693195077475
uci_android_permissions,logreg,mutual_info,3,0.941167829812634,0.9421359758257692,-0.0009681460131352182,-0.0010276075194842777,3.488372093023256,95.26693195077475
uci_android_permissions,logreg,relieff,32,0.5957178108686373,0.5999379060132872,-0.004220095144649938,-0.0070342198790093995,37.2093023255814,60.66453795776478
uci_android_permissions,dt,shap,2,0.8870859154946379,0.8910806451799906,-0.003994729685352749,-0.004483017005207029,2.3255813953488373,90.15042782325403
uci_android_permissions,dt,mrmr,2,0.8870859154946379,0.8910806451799906,-0.003994729685352749,-0.004483017005207029,2.3255813953488373,90.15042782325403
uci_android_permissions,dt,mutual_info,2,0.8870859154946379,0.8910806451799906,-0.003994729685352749,-0.004483017005207029,2.3255813953488373,90.15042782325403
uci_android_permissions,dt,relieff,2,0.5211563111356801,0.5235972095844708,-0.002440898448790696,-0.004661786587304016,2.3255813953488373,52.9722115573137
uci_android_permissions,rf,mrmr,2,0.8870859154946379,0.8910806451799906,-0.003994729685352749,-0.004483017005207029,2.3255813953488373,89.65284519994368
uci_android_permissions,rf,shap,2,0.8870859154946379,0.8910806451799906,-0.003994729685352749,-0.004483017005207029,2.3255813953488373,89.65284519994368
uci_android_permissions,rf,mutual_info,2,0.8870859154946379,0.8910806451799906,-0.003994729685352749,-0.004483017005207029,2.3255813953488373,89.65284519994368
uci_android_permissions,rf,relieff,8,0.5215266619329276,0.5243090647523622,-0.0027824028194345374,-0.005306798997932072,9.30232558139535,52.75145372468055
uci_android_permissions,xgb,mrmr,2,0.8870859154946379,0.8910806451799906,-0.003994729685352749,-0.004483017005207029,2.3255813953488373,89.61915719886846
uci_android_permissions,xgb,shap,2,0.8870859154946379,0.8910806451799906,-0.003994729685352749,-0.004483017005207029,2.3255813953488373,89.61915719886846
uci_android_permissions,xgb,mutual_info,2,0.8870859154946379,0.8910806451799906,-0.003994729685352749,-0.004483017005207029,2.3255813953488373,89.61915719886846
uci_android_permissions,xgb,relieff,9,0.5215266619329276,0.5243090647523622,-0.0027824028194345374,-0.005306798997932072,10.465116279069768,52.73163181020776
uci_android_permissions,svc,mrmr,2,0.8875072278430206,0.8907008451444255,-0.003193617301404883,-0.0035855105772208446,2.3255813953488373,90.07728242936753
uci_android_permissions,svc,shap,2,0.8875072278430206,0.8907008451444255,-0.003193617301404883,-0.0035855105772208446,2.3255813953488373,90.07728242936753
uci_android_permissions,svc,mutual_info,2,0.8875072278430206,0.8907008451444255,-0.003193617301404883,-0.0035855105772208446,2.3255813953488373,90.07728242936753
uci_android_permissions,svc,relieff,8,0.5213236485550901,0.5240617775815913,-0.002738129026501279,-0.005224821087195162,9.30232558139535,52.99878293255578
uci_breast_cancer,logreg,shap,8,0.9966224395142516,0.99129045557617,0.0053319839380815415,0.005378831106552338,26.666666666666668,101.10116519872207
uci_breast_cancer,logreg,mrmr,9,0.9965992438310778,0.994273631904294,0.0023256119267838216,0.002339005935749967,30.0,101.4054177021836
uci_breast_cancer,logreg,mutual_info,9,0.9862407442054584,0.997810329205678,-0.011569585000219651,-0.011594974176534927,30.0,101.76612350350928
uci_breast_cancer,logreg,relieff,6,0.9653370155003932,0.969361590525687,-0.004024575025293853,-0.004151778928141063,20.0,98.86465238290891
uci_breast_cancer,dt,shap,3,0.981035882205608,0.9794628133288942,0.0015730688767138234,0.0016060526804151391,10.0,102.74023130022987
uci_breast_cancer,dt,mrmr,2,0.976837229039034,0.9534958020756724,0.02334142696336161,0.024479842399462565,6.666666666666667,100.01643545415334
uci_breast_cancer,dt,mutual_info,2,0.9721583749678616,0.9548011041284804,0.01735727083938121,0.01817893880131665,6.666666666666667,100.15335441932197
uci_breast_cancer,dt,relieff,2,0.9610918080758428,0.918589774281994,0.04250203379384887,0.04626878611518415,6.666666666666667,96.35498621841748
uci_breast_cancer,rf,shap,15,0.9998319327731092,0.9957255099089668,0.004106422864142423,0.004124051079617161,50.0,100.34286649215667
uci_breast_cancer,rf,mrmr,19,0.999077784960138,0.9942168829706824,0.004860901989455546,0.004889176670316998,63.333333333333336,100.19083669082261
uci_breast_cancer,rf,mutual_info,11,0.9981919509179192,0.9897465479698372,0.008445402948082048,0.008532894573267483,36.666666666666664,99.74034483970387
uci_breast_cancer,rf,relieff,19,1.0,0.990338751334992,0.009661248665007949,0.009755498966373309,63.333333333333336,99.80002331797382
uci_breast_cancer,xgb,shap,19,1.0,0.9911158493248046,0.008884150675195435,0.008963786303334512,63.333333333333336,99.90447761194031
uci_breast_cancer,xgb,mutual_info,16,1.0,0.9961904761904762,0.003809523809523818,0.0038240917782026854,53.333333333333336,100.41600000000001
uci_breast_cancer,xgb,mrmr,23,1.0,0.9938054009482582,0.0061945990517418,0.006233211296528583,76.66666666666667,100.17558441558444
uci_breast_cancer,xgb,relieff,23,1.0,0.9940476190476192,0.00595238095238082,0.005988023952095674,76.66666666666667,100.20000000000002
uci_breast_cancer,svc,shap,10,0.994816826064322,0.9954912197437116,-0.0006743936793895955,-0.0006774481442068546,33.333333333333336,100.0786385806178
uci_breast_cancer,svc,mrmr,22,0.9967197948083284,0.9965986394557824,0.00012115535254597631,0.00012156885204272025,73.33333333333333,100.18996960486322
uci_breast_cancer,svc,mutual_info,7,0.9834945770598812,0.994376296574628,-0.010881719514746813,-0.010943261170073696,23.333333333333332,99.96655321947058
uci_breast_cancer,svc,relieff,7,0.9689766549895265,0.9813236850174278,-0.012347030027901384,-0.012582015716539142,23.333333333333332,98.65434918526269
uci_heart_disease,logreg,mrmr,16,0.9101933228664564,0.9658391907991588,-0.05564586793270243,-0.05761400910503506,64.0,100.04862328598584
uci_heart_disease,logreg,mutual_info,15,0.916858618674827,0.9671160340872804,-0.05025741541245343,-0.05196627254751708,60.0,100.18088796766935
uci_heart_disease,logreg,relieff,13,0.8985564858275401,0.948493276098318,-0.04993679027077791,-0.05264854430618189,52.0,98.25180772705276
uci_heart_disease,logreg,shap,6,0.9024535604024502,0.9591912399432746,-0.056737679540824426,-0.05915158226859935,24.0,99.35998035542328
uci_heart_disease,dt,mrmr,3,0.8439883046107619,0.8393421593979374,0.004646145212824471,0.0055354603135355,12.0,103.80571058791256
uci_heart_disease,dt,mutual_info,1,0.6461065398411531,0.738572295949345,-0.09246575610819197,-0.1251952674305749,4.0,91.3429894389697
uci_heart_disease,dt,shap,1,0.6461065398411531,0.738572295949345,-0.09246575610819197,-0.1251952674305749,4.0,91.3429894389697
uci_heart_disease,dt,relieff,3,0.5180762305018016,0.5323708862319734,-0.014294655730171746,-0.026850934376496022,12.0,65.84101313493791
uci_heart_disease,rf,mrmr,3,0.8439883046107619,0.8393421593979374,0.004646145212824471,0.0055354603135355,12.0,90.87257786210836
uci_heart_disease,rf,shap,4,0.8687671385572535,0.9100311838806612,-0.04126404532340766,-0.04534355091816162,16.0,98.52582607486409
uci_heart_disease,rf,mutual_info,4,0.8397040483706864,0.8683721302679532,-0.028668081897266884,-0.03301359048501566,16.0,94.01554912678607
uci_heart_disease,rf,relieff,12,0.9040674526669384,0.904584686080646,-0.000517233413707574,-0.0005717910347881585,48.0,97.93615321038806
uci_heart_disease,xgb,shap,2,0.7782237453734115,0.892665318894827,-0.11444157352141549,-0.12820210564817391,8.0,96.53921269306595
uci_heart_disease,xgb,mutual_info,6,0.9083751112441084,0.9454341382883834,-0.037059027044274995,-0.03919789390233651,24.0,102.24601027012822
uci_heart_disease,xgb,mrmr,8,0.9388611840683656,0.935531271636458,0.003329912431907611,0.0035593812124343352,32.0,101.17504343659547
uci_heart_disease,xgb,relieff,11,0.8657718724052825,0.9084293292386694,-0.04265745683338684,-0.04695737517538864,44.0,98.24404552936794
uci_heart_disease,svc,shap,7,0.8992652468719747,0.9551428281863062,-0.055877581314331515,-0.05850180691869495,28.0,99.14284692281848
uci_heart_disease,svc,mrmr,10,0.9053436722770016,0.9670175275610056,-0.06167385528400393,-0.06377739133597364,40.0,100.3754285510508
uci_heart_disease,svc,mutual_info,22,0.9156635160185208,0.96594032901282,-0.0502768129942992,-0.05204960543026662,88.0,100.26361644545082
uci_heart_disease,svc,relieff,13,0.9024109433383652,0.937172611361438,-0.03476166802307279,-0.03709206564687613,52.0,97.27755682874864
uci_indian_liver,logreg,mrmr,2,0.8619875596631914,0.9117689426195515,-0.04978138295636014,-0.054598682439583955,20.0,98.3768948609984
uci_indian_liver,logreg,mutual_info,4,0.8839833795906369,0.9316631817284432,-0.047679802137806315,-0.05117708102336902,40.0,100.52341836895215
uci_indian_liver,logreg,shap,1,0.7641854873067165,0.8679524668941215,-0.103766979587405,-0.11955375846643358,10.0,93.64924005271355
uci_indian_liver,logreg,relieff,3,0.8060368085257981,0.8455091783983915,-0.039472369872593394,-0.046684732562411756,30.0,91.22768243052026
uci_indian_liver,dt,mrmr,1,0.8639609203182779,0.87289312617624,-0.008932205857962172,-0.010232874552570059,10.0,99.63081319609047
uci_indian_liver,dt,mutual_info,1,0.8673854791684011,0.8669155858696244,0.0004698932987767801,0.0005420288969720374,10.0,98.94854501937866
uci_indian_liver,dt,relieff,2,0.811453831000791,0.7981475211360729,0.013306309864718147,0.01667149181366637,20.0,91.09945329684652
uci_indian_liver,dt,shap,4,0.9040884047886184,0.8874356745334263,0.016652730255192094,0.01876499980006703,40.0,101.29067953633405
uci_indian_liver,rf,mrmr,5,0.9344175929660968,0.913217423322206,0.02120016964389082,0.023214810736709814,50.0,99.66658269460595
uci_indian_liver,rf,mutual_info,3,0.9129233996143188,0.9105249610758848,0.0023984385384340223,0.0026341271694517907,30.0,99.37273316406497
uci_indian_liver,rf,shap,5,0.9424482299994048,0.922928705289506,0.019519524709898817,0.021149547736491626,50.0,100.72645109236761
uci_indian_liver,rf,relieff,8,0.9358623783685236,0.9051063523541808,0.030756026014342797,0.03398056585764358,80.0,98.78135787877227
uci_indian_liver,xgb,shap,6,0.9999999999999998,0.8949579107882111,0.1050420892117887,0.11737098241779392,60.0,100.70285676430669
uci_indian_liver,xgb,mutual_info,3,0.9770621425116836,0.9057206489734984,0.0713414935381852,0.07876765713472507,30.0,101.91390643357008
uci_indian_liver,xgb,mrmr,8,0.9999999999999998,0.8837880001257785,0.11621199987422126,0.13149307283837555,80.0,99.44599105034438
uci_indian_liver,xgb,relieff,8,0.9999999999999998,0.872369277090618,0.12763072290938182,0.1463035508712947,80.0,98.16112835861364
uci_indian_liver,svc,mrmr,6,0.8855363751018919,0.9196275648103136,-0.03409118970842173,-0.03707064795894143,60.0,101.19392044447133
uci_indian_liver,svc,mutual_info,5,0.858434690042096,0.90363751027146,-0.04520282022936395,-0.05002317822750038,50.0,99.43440782346667
uci_indian_liver,svc,relieff,5,0.8661620954667753,0.9093824175255116,-0.04322032205873638,-0.04752711425446478,50.0,100.06656556848522
uci_indian_liver,svc,shap,1,0.7658367111853746,0.7887323582980553,-0.022895647112680773,-0.02902841105959634,10.0,86.79048189911167
uci_mushroom,logreg,shap,3,0.9855841797458876,0.986357672357012,-0.0007734926111243601,-0.00078419079893809,3.0,98.6357672357012
uci_mushroom,logreg,mrmr,5,0.987966973002243,0.989627124261972,-0.0016601512597289592,-0.0016775523012943282,5.0,98.9627124261972
uci_mushroom,logreg,relieff,1,0.4829001965506593,0.483831417624521,-0.0009312210738616766,-0.0019246808701132217,1.0,48.3831417624521
uci_mushroom,logreg,mutual_info,2,0.9597548462734892,0.9619007940452236,-0.00214594777173438,-0.002230945004951819,2.0,96.19007940452235
uci_mushroom,dt,mrmr,5,0.991197905582425,0.992184902723786,-0.000986997141360968,-0.0009947713764354039,5.0,99.21994123814791
uci_mushroom,dt,mutual_info,2,0.9685402844046253,0.9691596455689634,-0.0006193611643381391,-0.0006390703194978074,2.0,96.91738185065566
uci_mushroom,dt,relieff,1,0.4820741398709066,0.4818461538461538,0.00022798602475276875,0.0004731510730820552,1.0,48.18532003379256
uci_mushroom,dt,shap,6,0.990834828567598,0.9925302815243,-0.001695452956702037,-0.001708212825605893,6.0,99.25447962327938
uci_mushroom,rf,shap,4,0.9961042310537987,0.9966914357076442,-0.0005872046538454301,-0.0005891539074262425,4.0,99.66914357076442
uci_mushroom,rf,mutual_info,2,0.9685402844046253,0.9691596455689634,-0.0006193611643381391,-0.0006390703194978074,2.0,96.91596455689634
uci_mushroom,rf,mrmr,4,0.9907455254250458,0.9919087166381588,-0.001163191213113035,-0.0011726796968327873,4.0,99.19087166381588
uci_mushroom,rf,relieff,29,1.0,1.0,0.0,0.0,29.0,100.0
uci_mushroom,xgb,shap,2,0.8918936989080206,0.8953259781556979,-0.0034322792476773056,-0.0038335526181732544,2.0,89.53259781556979
uci_mushroom,xgb,mutual_info,2,0.964322763829766,0.9647768333830664,-0.0004540695533004069,-0.00047064723943274634,2.0,96.47768333830665
uci_mushroom,xgb,mrmr,4,0.9906975635952124,0.9917928260384354,-0.0010952624432229996,-0.0011043258374814605,4.0,99.17928260384355
uci_mushroom,xgb,relieff,1,0.4829001965506593,0.483831417624521,-0.0009312210738616766,-0.0019246808701132217,1.0,48.3831417624521
uci_mushroom,svc,shap,2,0.8918936989080206,0.8953259781556979,-0.0034322792476773056,-0.0038335526181732544,2.0,89.53259781556979
uci_mushroom,svc,mrmr,5,0.987966973002243,0.989627124261972,-0.0016601512597289592,-0.0016775523012943282,5.0,98.9627124261972
uci_mushroom,svc,mutual_info,2,0.959282002525949,0.9616244269284496,-0.0023424244025006535,-0.0024359035990616984,2.0,96.16244269284496
uci_mushroom,svc,relieff,30,1.0,1.0,0.0,0.0,30.0,100.0
uci_phishing_url,logreg,mrmr,7,0.9999705496382923,0.9999937398574532,-2.319021916086239e-05,-2.3190364335848844e-05,14.0,99.99937508555449
uci_phishing_url,logreg,mutual_info,2,0.9999312050601468,0.9999995150598232,-6.830999967644136e-05,-6.831003280272075e-05,4.0,99.99995260579784
uci_phishing_url,logreg,relieff,12,0.8204941973683079,0.8215308540067379,-0.0010366566384300002,-0.0012618596530782251,24.0,82.15308630420661
uci_phishing_url,logreg,shap,16,0.9999782778478292,0.9999999738800064,-2.1696032177165314e-05,-2.1696032743865552e-05,32.0,99.99999848781665
uci_phishing_url,dt,shap,3,0.9999999939855484,1.0,-6.014451603419957e-09,-6.014451603419957e-09,6.0,100.0
uci_phishing_url,dt,mrmr,4,0.9999776951592076,0.999973282466602,4.412692605648694e-06,4.412810505060741e-06,8.0,99.9973282466602
uci_phishing_url,dt,mutual_info,2,0.9999997673745912,0.9998511942472584,0.00014857312733274064,0.00014859523915915752,4.0,99.98511942472584
uci_phishing_url,dt,relieff,1,0.5730647388439778,0.5731103508361843,-4.561199220654011e-05,-7.958675347599448e-05,2.0,57.311035083618435
uci_phishing_url,rf,shap,3,0.9999999939855484,1.0,-6.014451603419957e-09,-6.014451603419957e-09,6.0,100.0
uci_phishing_url,rf,mrmr,11,1.0,1.0,0.0,0.0,22.0,100.0
uci_phishing_url,rf,mutual_info,13,1.0,1.0,0.0,0.0,26.0,100.0
uci_phishing_url,rf,relieff,1,0.5730647388439778,0.5731103508361843,-4.561199220654011e-05,-7.958675347599448e-05,2.0,57.311035083618435
uci_phishing_url,xgb,shap,3,0.99999993079996,1.0,-6.920004003152513e-08,-6.920004003152513e-08,6.0,100.0
uci_phishing_url,xgb,mrmr,9,0.9999999991407924,1.0,-8.592075939617416e-10,-8.592075939617416e-10,18.0,100.0
uci_phishing_url,xgb,mutual_info,9,1.0,0.9999999725015912,2.7498408772252958e-08,2.7498409528415463e-08,18.0,99.99999725015913
uci_phishing_url,xgb,relieff,1,0.5730647388439778,0.5731103508361843,-4.561199220654011e-05,-7.958675347599448e-05,2.0,57.311035083618435
uci_phishing_url,svc,mrmr,15,0.9999876360644524,0.9999999807533722,-1.2344688919752045e-05,-1.2344689157345683e-05,30.0,99.99999835027593
uci_phishing_url,svc,mutual_info,2,0.9999426321768712,0.9999995150598232,-5.688288295202515e-05,-5.688291053683384e-05,4.0,99.99995178092091
uci_phishing_url,svc,relieff,12,0.8233954171439383,0.8242770180265244,-0.0008816008825861532,-0.0010695444168719796,24.0,82.4277020292781
uci_phishing_url,svc,shap,9,0.9999923291084402,0.999999464120692,-7.135012251802131e-06,-7.135016075309608e-06,18.0,99.99994668700776
uci_secondary_mushroom,logreg,mrmr,17,0.7974665323859697,0.8005545581660523,-0.003088025780082604,-0.003857358313163312,36.95652173913044,92.09563081440416
uci_secondary_mushroom,logreg,mutual_info,5,0.7580950991426277,0.7592127974052021,-0.0011176982625743515,-0.0014721804827241614,10.869565217391305,87.33968320607269
uci_secondary_mushroom,logreg,relieff,10,0.622948115760198,0.6278764075859012,-0.004928291825703202,-0.007849143185124295,21.73913043478261,72.23077208200895
uci_secondary_mushroom,logreg,shap,10,0.8292095743881204,0.8292889021029741,-7.932771485374968e-05,-9.565751410947909e-05,21.73913043478261,95.40122379856147
uci_secondary_mushroom,dt,shap,21,0.9999368322395344,0.9983168534849564,0.0016199787545780886,0.0016227100132818705,45.65217391304348,100.02652591815215
uci_secondary_mushroom,dt,mrmr,28,0.9994350015432534,0.9917608440272372,0.007674157516016189,0.007737911374736055,60.869565217391305,99.36964544212593
uci_secondary_mushroom,dt,mutual_info,28,0.9998695260317892,0.9964006980551928,0.0034688279765964225,0.0034813584367885263,60.869565217391305,99.83453640090683
uci_secondary_mushroom,dt,relieff,10,0.6334241607821331,0.6389087268037774,-0.005484566021644266,-0.008584271573627596,21.73913043478261,64.01556790099272
uci_secondary_mushroom,rf,relieff,14,0.6743401153320564,0.6772229369759055,-0.0028828216438491205,-0.004256828123279715,30.434782608695652,67.72229369759056
uci_secondary_mushroom,rf,shap,25,1.0,1.0,0.0,0.0,54.34782608695652,100.0
uci_secondary_mushroom,rf,mutual_info,21,1.0,1.0,0.0,0.0,45.65217391304348,100.0
uci_secondary_mushroom,rf,mrmr,43,1.0,0.999996117317738,3.882682262035253e-06,3.8826973373153335e-06,93.47826086956522,99.9996117317738
uci_secondary_mushroom,xgb,shap,37,1.0,1.0,0.0,0.0,80.43478260869566,100.0
uci_secondary_mushroom,xgb,mrmr,37,0.99999980112248,0.9999475209789568,5.228014352320898e-05,5.2282887277950634e-05,80.43478260869566,99.99475209789568
uci_secondary_mushroom,xgb,relieff,10,0.6334241607821331,0.6389087268037774,-0.005484566021644266,-0.008584271573627596,21.73913043478261,63.89087268037774
uci_secondary_mushroom,xgb,mutual_info,37,1.0,1.0,0.0,0.0,80.43478260869566,100.0
uci_secondary_mushroom,svc,mrmr,23,0.7971844106511867,0.8004226294915946,-0.0032382188404078693,-0.004045636293997201,50.0,92.02790787091166
uci_secondary_mushroom,svc,mutual_info,18,0.8483502051744173,0.8483159481365883,3.425703782899969e-05,4.0382404579624774e-05,39.130434782608695,97.53440125765314
uci_secondary_mushroom,svc,relieff,26,0.762261227745139,0.7667326376365441,-0.004471409891405043,-0.005831771952721589,56.52173913043478,88.15442984521209
uci_secondary_mushroom,svc,shap,7,0.812925125941858,0.814017358519923,-0.001092232578065011,-0.0013417804505434006,15.217391304347826,93.59095022435396
uci_spect_heart,logreg,mrmr,11,0.9606107282712294,0.9667092605492348,-0.006098532278005386,-0.006308548523203877,50.0,100.74504618262544
uci_spect_heart,logreg,mutual_info,11,0.9666151882694216,0.9580035076510808,0.008611680618340833,0.008989195289540982,50.0,99.83778118210114
uci_spect_heart,logreg,relieff,16,0.9678931160059908,0.9533335134947462,0.014559602511244663,0.015272307440312074,72.72727272727273,99.35110044348359
uci_spect_heart,logreg,shap,5,0.9434448365798044,0.9399409366587675,0.003503899921036835,0.0037277873368216506,22.727272727272727,97.95540079840265
uci_spect_heart,dt,mrmr,11,0.9824701968769752,0.9460916870804568,0.036378509796518466,0.03845135761500967,50.0,105.39967697696723
uci_spect_heart,dt,mutual_info,4,0.938293524002224,0.9346085897158471,0.0036849342863768397,0.003942756707914685,18.181818181818183,104.12039847843204
uci_spect_heart,dt,relieff,7,0.963005261386804,0.912715100605572,0.05029016078123194,0.055099516539022106,31.818181818181817,101.68134662792623
uci_spect_heart,dt,shap,4,0.95335693874535,0.9520653995824638,0.0012915391628861572,0.001356565592502965,18.181818181818183,106.06518051818085
uci_spect_heart,rf,shap,3,0.9236836277529706,0.939565709798268,-0.015882082045297397,-0.01690364162896856,13.636363636363637,97.54024444412354
uci_spect_heart,rf,mrmr,14,0.975555637182444,0.9681113902782248,0.007444246904219187,0.007689452865625092,63.63636363636363,100.5036908777281
uci_spect_heart,rf,mutual_info,3,0.92227221241627,0.919350621385505,0.0029215910307649473,0.0031778855235470127,13.636363636363637,95.44163160132
uci_spect_heart,rf,relieff,22,0.9800979843559816,0.9676201674539082,0.012477816902073391,0.012895366716989971,100.0,100.4526949826452
uci_spect_heart,xgb,mrmr,16,0.9708974029374644,0.971500462452788,-0.0006030595153235785,-0.0006207506209528803,72.72727272727273,102.05306125664247
uci_spect_heart,xgb,mutual_info,4,0.92485622873953,0.927086612923072,-0.0022303841835420446,-0.002405799148053406,18.181818181818183,97.38752636306575
uci_spect_heart,xgb,shap,4,0.9435144557366748,0.940475397911435,0.0030390578252398326,0.0032314059804103693,18.181818181818183,98.79397602251284
uci_spect_heart,xgb,relieff,7,0.9393233414985064,0.93755380880338,0.0017695326951263635,0.0018873932125398284,31.818181818181817,98.48707229602535
uci_spect_heart,svc,mrmr,19,0.9867261930868848,0.9600705331650012,0.026655659921883568,0.02776427252069659,86.36363636363636,101.21658021078093
uci_spect_heart,svc,mutual_info,6,0.9534493255351094,0.9439288489169771,0.009520476618132268,0.010086010856703497,27.272727272727273,99.51482391060456
uci_spect_heart,svc,relieff,5,0.7708521640688916,0.775051441439098,-0.004199277370206422,-0.00541806278356092,22.727272727272727,81.71072195215419
uci_spect_heart,svc,shap,6,0.9446784785700342,0.9452226796931076,-0.0005442011230734067,-0.0005757385373466668,27.272727272727273,99.65122756221926
